player	pos	tm	season	perf	salary
Aaron Brooks	PG	['TOT, HOU, PHO', 'TOT, SAC, HOU', 'TOT, HOU, DEN', 'CHI', 'CHI']	['2010-11', '2012-13', '2013-14', '2014-15', '2015-16']	[1766, 1086, 1932, 1293, 730]	$2,700,000 
Aaron Gordon	PF	['ORL', 'ORL']	['2014-15', '2015-16']	[450, 1402]	$4,351,320 
Aaron Gray	C	['NOH', 'TOR', 'TOR', 'TOT, TOR, SAC']	['2010-11', '2011-12', '2012-13', '2013-14']	[307, 487, 261, 370]	$452,059 
Aaron Harrison	SG	['CHO']	['2015-16']	[37]	$375,579 
Adreian Payne	PF	['TOT, ATL, MIN', 'MIN']	['2014-15', '2015-16']	[778, 263]	$2,022,240 
Al Horford	C	['ATL', 'ATL', 'ATL', 'ATL', 'ATL', 'ATL']	['2010-11', '2011-12', '2012-13', '2013-14', '2014-15', '2015-16']	[2182, 245, 2295, 865, 2010, 2190]	$26,540,100 
Al Jefferson	C	['UTA', 'UTA', 'UTA', 'CHA', 'CHO', 'CHO']	['2010-11', '2011-12', '2012-13', '2013-14', '2014-15', '2015-16']	[2565, 1975, 2339, 2563, 1806, 970]	$10,230,179 
Al-Farouq Aminu	SF	['LAC', 'NOH', 'NOH', 'NOP', 'DAL', 'POR']	['2010-11', '2011-12', '2012-13', '2013-14', '2014-15', '2015-16']	[765, 775, 1270, 1214, 890, 1481]	$7,680,965 
Alan Anderson	SF	['TOR', 'TOR', 'BRK', 'BRK', 'WAS']	['2011-12', '2012-13', '2013-14', '2014-15', '2015-16']	[206, 919, 817, 833, 109]	$1,315,448 
Alan Williams	PF	['PHO']	['2015-16']	[75]	$874,636 
Alec Burks	SG	['UTA', 'UTA', 'UTA', 'UTA', 'UTA']	['2011-12', '2012-13', '2013-14', '2014-15', '2015-16']	[593, 662, 1492, 540, 555]	$10,154,495 
Alex Len	C	['PHO', 'PHO', 'PHO']	['2013-14', '2014-15', '2015-16']	[185, 983, 1349]	$4,823,621 
Alexis Ajinca	C	['TOT, DAL, TOR', 'NOP', 'NOP', 'NOP']	['2010-11', '2013-14', '2014-15', '2015-16']	[486, 651, 808, 653]	$4,600,000 
Allen Crabbe	SG	['POR', 'POR', 'POR']	['2013-14', '2014-15', '2015-16']	[48, 299, 1162]	$18,500,000 
Alonzo Gee	SG	['TOT, SAS, WAS, CLE', 'CLE', 'CLE', 'CLE', 'TOT, DEN, POR', 'NOP']	['2010-11', '2011-12', '2012-13', '2013-14', '2014-15', '2015-16']	[1108, 1086, 1299, 464, 738, 663]	$1,400,000 
Alonzo Gee	SG	['TOT, SAS, WAS, CLE', 'CLE', 'CLE', 'CLE', 'TOT, DEN, POR', 'NOP']	['2010-11', '2011-12', '2012-13', '2013-14', '2014-15', '2015-16']	[1108, 1086, 1299, 464, 738, 663]	$417,848 
Alonzo Gee	SG	['TOT, SAS, WAS, CLE', 'CLE', 'CLE', 'CLE', 'TOT, DEN, POR', 'NOP']	['2010-11', '2011-12', '2012-13', '2013-14', '2014-15', '2015-16']	[1108, 1086, 1299, 464, 738, 663]	$77,379 
Amir Johnson	PF	['TOR', 'TOR', 'TOR', 'TOR', 'TOR', 'BOS']	['2010-11', '2011-12', '2012-13', '2013-14', '2014-15', '2015-16']	[1302, 947, 1620, 1440, 1260, 1261]	$12,000,000 
Anderson Varejao	C	['CLE', 'CLE', 'CLE', 'CLE', 'CLE', 'TOT, CLE, GSW']	['2010-11', '2011-12', '2012-13', '2013-14', '2014-15', '2015-16']	[653, 608, 805, 1351, 460, 636]	$1,984,005 
Anderson Varejao	C	['CLE', 'CLE', 'CLE', 'CLE', 'CLE', 'TOT, CLE, GSW']	['2010-11', '2011-12', '2012-13', '2013-14', '2014-15', '2015-16']	[653, 608, 805, 1351, 460, 636]	$1,551,659 
Andre Drummond	C	['DET', 'DET', 'DET', 'DET']	['2012-13', '2013-14', '2014-15', '2015-16']	[1060, 2323, 2395, 2655]	$22,116,750 
Andre Iguodala	SF	['PHI', 'PHI', 'DEN', 'GSW', 'GSW', 'GSW']	['2010-11', '2011-12', '2012-13', '2013-14', '2014-15', '2015-16']	[1755, 1513, 1879, 1157, 1115, 952]	$11,131,368 
Andre Roberson	SG	['OKC', 'OKC', 'OKC']	['2013-14', '2014-15', '2015-16']	[194, 589, 695]	$2,183,072 
Andrea Bargnani	C	['TOR', 'TOR', 'TOR', 'NYK', 'NYK', 'BRK']	['2010-11', '2011-12', '2012-13', '2013-14', '2014-15', '2015-16']	[1804, 800, 599, 833, 590, 406]	$323,599 
Andrew Bogut	C	['MIL', 'MIL', 'GSW', 'GSW', 'GSW', 'GSW']	['2010-11', '2011-12', '2012-13', '2013-14', '2014-15', '2015-16']	[1771, 279, 538, 1346, 1191, 1093]	$11,027,027 
Andrew Nicholson	PF	['ORL', 'ORL', 'ORL', 'ORL']	['2012-13', '2013-14', '2014-15', '2015-16']	[866, 705, 292, 601]	$6,088,993 
Andrew Wiggins	SF	['MIN', 'MIN']	['2014-15', '2015-16']	[1890, 2072]	$6,006,600 
Anthony Bennett	PF	['CLE', 'MIN', 'TOR']	['2013-14', '2014-15', '2015-16']	[371, 569, 52]	$1,015,696 
Anthony Brown	SF	['LAL']	['2015-16']	[208]	$874,636 
Anthony Brown	SF	['LAL']	['2015-16']	[208]	$108,043 
Anthony Brown	SF	['LAL']	['2015-16']	[208]	$51,449 
Anthony Davis	PF	['NOH', 'NOP', 'NOP', 'NOP']	['2012-13', '2013-14', '2014-15', '2015-16']	[1550, 2341, 2706, 2306]	$22,116,750 
Anthony Morrow	SG	['NJN', 'NJN', 'TOT, ATL, DAL', 'NOP', 'OKC', 'OKC']	['2010-11', '2011-12', '2012-13', '2013-14', '2014-15', '2015-16']	[976, 920, 426, 834, 1072, 476]	$3,488,000 
Anthony Tolliver	SF	['MIN', 'MIN', 'ATL', 'CHA', 'TOT, PHO, DET', 'DET']	['2010-11', '2011-12', '2012-13', '2013-14', '2014-15', '2015-16']	[818, 385, 431, 614, 1532, 678]	$8,000,000 
Archie Goodwin	SG	['PHO', 'PHO', 'PHO']	['2013-14', '2014-15', '2015-16']	[288, 328, 705]	$2,094,089 
Archie Goodwin	SG	['PHO', 'PHO', 'PHO']	['2013-14', '2014-15', '2015-16']	[288, 328, 705]	$95,600 
Arinze Onuaku	PF	['TOT, NOP, CLE', 'MIN']	['2013-14', '2014-15']	[26, 54]	$440,078 
Aron Baynes	C	['SAS', 'SAS', 'SAS', 'DET']	['2012-13', '2013-14', '2014-15', '2015-16']	[76, 311, 787, 955]	$6,500,000 
Arron Afflalo	SG	['DEN', 'DEN', 'ORL', 'ORL', 'TOT, DEN, POR', 'NYK']	['2010-11', '2011-12', '2012-13', '2013-14', '2014-15', '2015-16']	[1280, 1253, 1415, 1732, 2686, 1272]	$12,500,000 
Austin Rivers	SG	['NOH', 'NOP', 'TOT, NOP, LAC', 'LAC']	['2012-13', '2013-14', '2014-15', '2015-16']	[574, 796, 1668, 818]	$11,000,000 
Avery Bradley	PG	['BOS', 'BOS', 'BOS', 'BOS', 'BOS', 'BOS']	['2010-11', '2011-12', '2012-13', '2013-14', '2014-15', '2015-16']	[74, 666, 687, 1180, 1435, 1560]	$8,269,663 
Axel Toupane	SF	['DEN']	['2015-16']	[129]	$51,449 
Ben McLemore	SG	['SAC', 'SAC', 'SAC']	['2013-14', '2014-15', '2015-16']	[1004, 1335, 721]	$4,008,882 
Beno Udrih	PG	['SAC', 'MIL', 'TOT, MIL, ORL', 'TOT, NYK, MEM', 'MEM', 'TOT, MEM, MIA']	['2010-11', '2011-12', '2012-13', '2013-14', '2014-15', '2015-16']	[1699, 638, 1834, 710, 933, 710]	$1,551,659 
Bismack Biyombo	C	['CHA', 'CHA', 'CHA', 'CHO', 'TOR']	['2011-12', '2012-13', '2013-14', '2014-15', '2015-16']	[786, 1092, 649, 792, 1219]	$17,000,000 
Blake Griffin	PF	['LAC', 'LAC', 'LAC', 'LAC', 'LAC', 'LAC']	['2010-11', '2011-12', '2012-13', '2013-14', '2014-15', '2015-16']	[3031, 2247, 2363, 2915, 2277, 1175]	$20,140,838 
Boban Marjanovic	C	['SAS']	['2015-16']	[518]	$7,000,000 
Bobby Portis	PF	['CHI']	['2015-16']	[818]	$1,453,680 
Bojan Bogdanovic	SF	['BRK', 'BRK']	['2014-15', '2015-16']	[946, 1160]	$3,730,653 
Boris Diaw	PF	['CHA', 'TOT, CHA, SAS', 'SAS', 'SAS', 'SAS', 'SAS']	['2010-11', '2011-12', '2012-13', '2013-14', '2014-15', '2015-16']	[1629, 1594, 864, 1220, 1222, 844]	$7,000,000 
Bradley Beal	SG	['WAS', 'WAS', 'WAS', 'WAS']	['2012-13', '2013-14', '2014-15', '2015-16']	[1117, 1726, 1368, 1261]	$22,116,750 
Brandan Wright	PF	['TOT, GSW, NJN', 'DAL', 'DAL', 'DAL', 'TOT, DAL, BOS, PHO', 'MEM']	['2010-11', '2011-12', '2012-13', '2013-14', '2014-15', '2015-16']	[512, 591, 907, 852, 2032, 142]	$5,700,000 
Brandon Bass	PF	['ORL', 'BOS', 'BOS', 'BOS', 'BOS', 'LAL']	['2010-11', '2011-12', '2012-13', '2013-14', '2014-15', '2015-16']	[1317, 1181, 1238, 1473, 1358, 878]	$1,551,659 
Brandon Jennings	PG	['MIL', 'MIL', 'MIL', 'DET', 'DET', 'TOT, DET, ORL']	['2010-11', '2011-12', '2012-13', '2013-14', '2014-15', '2015-16']	[1528, 1831, 2096, 1988, 966, 1154]	$4,837,318 
Brandon Jennings	PG	['MIL', 'MIL', 'MIL', 'DET', 'DET', 'TOT, DET, ORL']	['2010-11', '2011-12', '2012-13', '2013-14', '2014-15', '2015-16']	[1528, 1831, 2096, 1988, 966, 1154]	$1,200,000 
Brandon Knight	PG	['DET', 'DET', 'MIL', 'TOT, MIL, PHO', 'PHO']	['2011-12', '2012-13', '2013-14', '2014-15', '2015-16']	[1197, 1410, 1796, 3110, 1387]	$12,606,250 
Brandon Rush	SG	['IND', 'GSW', 'GSW', 'UTA', 'GSW', 'GSW']	['2010-11', '2011-12', '2012-13', '2013-14', '2014-15', '2015-16']	[893, 998, 14, 141, 89, 553]	$3,500,000 
Brian Roberts	PG	['NOH', 'NOP', 'CHO', 'TOT, CHO, POR']	['2012-13', '2013-14', '2014-15', '2015-16']	[840, 1002, 733, 578]	$1,050,961 
Briante Weber	PG	['TOT, MEM, MIA']	['2015-16']	[160]	$328,000 
Briante Weber	PG	['TOT, MEM, MIA']	['2015-16']	[160]	$102,898 
Briante Weber	PG	['TOT, MEM, MIA']	['2015-16']	[160]	$51,449 
Brook Lopez	C	['NJN', 'NJN', 'BRK', 'BRK', 'BRK', 'BRK']	['2010-11', '2011-12', '2012-13', '2013-14', '2014-15', '2015-16']	[2281, 119, 2075, 481, 1886, 2228]	$21,165,675 
Bruno Caboclo	SF	['TOR', 'TOR']	['2014-15', '2015-16']	[9, 5]	$1,589,640 
C.J. McCollum	SG	['POR', 'POR', 'POR']	['2013-14', '2014-15', '2015-16']	[257, 582, 2190]	$3,219,579 
C.J. Miles	SF	['UTA', 'UTA', 'CLE', 'CLE', 'IND', 'IND']	['2010-11', '2011-12', '2012-13', '2013-14', '2014-15', '2015-16']	[1409, 704, 963, 675, 1244, 1003]	$4,583,450 
C.J. Watson	PG	['CHI', 'CHI', 'BRK', 'IND', 'IND', 'ORL']	['2010-11', '2011-12', '2012-13', '2013-14', '2014-15', '2015-16']	[678, 735, 858, 630, 907, 295]	$5,000,000 
C.J. Wilcox	SG	['LAC', 'LAC']	['2014-15', '2015-16']	[50, 102]	$1,209,680 
Cameron Payne	PG	['OKC']	['2015-16']	[474]	$2,112,480 
Carl Landry	PF	['TOT, SAC, NOH', 'NOH', 'GSW', 'SAC', 'SAC', 'PHI']	['2010-11', '2011-12', '2012-13', '2013-14', '2014-15', '2015-16']	[2552, 724, 1373, 133, 775, 528]	$6,500,000 
Carlos Delfino	SF	['MIL', 'MIL', 'HOU']	['2010-11', '2011-12', '2012-13']	[904, 842, 1068]	$650,000 
Carmelo Anthony	SF	['TOT, DEN, NYK', 'NYK', 'NYK', 'NYK', 'NYK', 'NYK']	['2010-11', '2011-12', '2012-13', '2013-14', '2014-15', '2015-16']	[5324, 1731, 2460, 2924, 1320, 2352]	$24,559,380 
Caron Butler	SF	['DAL', 'LAC', 'LAC', 'TOT, MIL, OKC', 'DET', 'SAC']	['2010-11', '2011-12', '2012-13', '2013-14', '2014-15', '2015-16']	[587, 1045, 1104, 1804, 733, 102]	$517,220 
Chandler Parsons	SF	['HOU', 'HOU', 'HOU', 'DAL', 'DAL']	['2011-12', '2012-13', '2013-14', '2014-15', '2015-16']	[1054, 1810, 1906, 1513, 1263]	$22,116,750 
Channing Frye	PF	['PHO', 'PHO', 'PHO', 'ORL', 'TOT, ORL, CLE']	['2010-11', '2011-12', '2013-14', '2014-15', '2015-16']	[1637, 1190, 1458, 944, 1488]	$7,806,971 
Chris Andersen	C	['DEN', 'DEN', 'MIA', 'MIA', 'MIA', 'TOT, MIA, MEM']	['2010-11', '2011-12', '2012-13', '2013-14', '2014-15', '2015-16']	[545, 370, 432, 951, 709, 468]	$1,551,659 
Chris Bosh	PF	['MIA', 'MIA', 'MIA', 'MIA', 'MIA', 'MIA']	['2010-11', '2011-12', '2012-13', '2013-14', '2014-15', '2015-16']	[2193, 1559, 1895, 1923, 1304, 1520]	$23,741,060 
Chris McCullough	PF	['BRK']	['2015-16']	[214]	$1,191,480 
Chris Paul	PG	['NOH', 'LAC', 'LAC', 'LAC', 'LAC', 'LAC']	['2010-11', '2011-12', '2012-13', '2013-14', '2014-15', '2015-16']	[2393, 1977, 2146, 2129, 2759, 2465]	$22,868,828 
Chris Wright	SF	['GSW', 'DAL', 'MIL']	['2011-12', '2012-13', '2013-14']	[131, 1, 80]	$100,000 
Christian Wood	PF	['PHI']	['2015-16']	[112]	$874,636 
Clint Capela	C	['HOU', 'HOU']	['2014-15', '2015-16']	[75, 1174]	$1,296,240 
Cody Zeller	C	['CHA', 'CHO', 'CHO']	['2013-14', '2014-15', '2015-16']	[929, 955, 1216]	$5,318,313 
Cole Aldrich	C	['OKC', 'OKC', 'TOT, HOU, SAC', 'NYK', 'NYK', 'LAC']	['2010-11', '2011-12', '2012-13', '2013-14', '2014-15', '2015-16']	[61, 123, 468, 255, 794, 717]	$7,643,979 
Corey Brewer	SF-SG	['TOT, MIN, DAL', 'DEN', 'DEN', 'MIN', 'TOT, MIN, HOU', 'HOU']	['2010-11', '2011-12', '2012-13', '2013-14', '2014-15', '2015-16']	[1690, 796, 1388, 1416, 2778, 923]	$7,600,000 
Cory Joseph	PG	['SAS', 'SAS', 'SAS', 'SAS', 'TOR']	['2011-12', '2012-13', '2013-14', '2014-15', '2015-16']	[115, 229, 570, 911, 1118]	$7,330,000 
Courtney Lee	SG	['HOU', 'HOU', 'BOS', 'TOT, BOS, MEM', 'MEM', 'TOT, MEM, CHO']	['2010-11', '2011-12', '2012-13', '2013-14', '2014-15', '2015-16']	[989, 933, 971, 2166, 1115, 2286]	$11,242,000 
Cristiano Felicio	C	['CHI']	['2015-16']	[239]	$874,636 
D'Angelo Russell	PG	['LAL']	['2015-16']	[1504]	$5,332,800 
D.J. Augustin	PG	['CHA', 'CHA', 'IND', 'TOT, TOR, CHI', 'TOT, DET, OKC', 'TOT, OKC, DEN']	['2010-11', '2011-12', '2012-13', '2013-14', '2014-15', '2015-16']	[1803, 875, 586, 2608, 2396, 1436]	$7,250,000 
D.J. Kennedy	SF	['CLE']	['2011-12']	[21]	$50,000 
D.J. Stephens	SG	['MIL']	['2013-14']	[12]	$35,000 
Dahntay Jones	SG	['IND', 'IND', 'TOT, DAL, ATL', 'LAC', 'CLE']	['2010-11', '2011-12', '2012-13', '2014-15', '2015-16']	[377, 514, 802, 36, 23]	$18,255 
Damian Lillard	PG	['POR', 'POR', 'POR', 'POR']	['2012-13', '2013-14', '2014-15', '2015-16']	[2200, 2333, 2501, 2544]	$24,328,425 
Damjan Rudez	SF	['IND', 'MIN']	['2014-15', '2015-16']	[397, 97]	$980,431 
Danilo Gallinari	PF-SF	['TOT, NYK, DEN', 'DEN', 'DEN', 'DEN', 'DEN']	['2010-11', '2011-12', '2012-13', '2014-15', '2015-16']	[2748, 943, 1681, 1045, 1436]	$15,050,000 
Danny Green	SG	['SAS', 'SAS', 'SAS', 'SAS', 'SAS', 'SAS']	['2010-11', '2011-12', '2012-13', '2013-14', '2014-15', '2015-16']	[56, 954, 1275, 1001, 1542, 1084]	$10,000,000 
Dante Cunningham	PF	['TOT, POR, CHA', 'MEM', 'MIN', 'MIN', 'NOP', 'NOP']	['2010-11', '2011-12', '2012-13', '2013-14', '2014-15', '2015-16']	[1696, 663, 1236, 1001, 694, 831]	$2,978,250 
Dante Exum	PG	['UTA']	['2014-15']	[659]	$3,940,320 
Darrell Arthur	PF	['MEM', 'MEM', 'DEN', 'DEN', 'DEN']	['2010-11', '2012-13', '2013-14', '2014-15', '2015-16']	[1151, 578, 700, 637, 951]	$8,070,175 
Darren Collison	PG	['IND', 'IND', 'DAL', 'LAC', 'SAC', 'SAC']	['2010-11', '2011-12', '2012-13', '2013-14', '2014-15', '2015-16']	[1574, 1044, 1541, 1372, 1089, 1472]	$5,229,454 
Darrun Hilliard	SG	['DET']	['2015-16']	[215]	$874,060 
David Lee	PF	['GSW', 'GSW', 'GSW', 'GSW', 'GSW', 'TOT, BOS, DAL']	['2010-11', '2011-12', '2012-13', '2013-14', '2014-15', '2015-16']	[2085, 1781, 2506, 1969, 738, 1600]	$1,551,659 
David West	PF	['NOH', 'IND', 'IND', 'IND', 'IND', 'SAS']	['2010-11', '2011-12', '2012-13', '2013-14', '2014-15', '2015-16']	[2002, 1420, 2012, 1885, 1417, 1037]	$1,551,659 
DeAndre Jordan	C	['LAC', 'LAC', 'LAC', 'LAC', 'LAC', 'LAC']	['2010-11', '2011-12', '2012-13', '2013-14', '2014-15', '2015-16']	[1265, 1139, 1406, 2204, 2388, 2250]	$21,165,675 
DeAndre Liggins	SF	['ORL', 'OKC', 'MIA']	['2011-12', '2012-13', '2013-14']	[49, 133, 3]	$1,015,696 
DeMar DeRozan	SG	['TOR', 'TOR', 'TOR', 'TOR', 'TOR', 'TOR']	['2010-11', '2011-12', '2012-13', '2013-14', '2014-15', '2015-16']	[1845, 1335, 1958, 2385, 1638, 2421]	$26,540,100 
DeMarcus Cousins	C	['SAC', 'SAC', 'SAC', 'SAC', 'SAC', 'SAC']	['2010-11', '2011-12', '2012-13', '2013-14', '2014-15', '2015-16']	[1931, 1963, 2163, 2601, 2317, 2653]	$16,957,900 
DeMarre Carroll	PF	['TOT, MEM, HOU', 'TOT, DEN, UTA', 'UTA', 'ATL', 'ATL', 'TOR']	['2010-11', '2011-12', '2012-13', '2013-14', '2014-15', '2015-16']	[48, 360, 690, 1397, 1409, 457]	$14,200,000 
Delon Wright	PG	['TOR']	['2015-16']	[166]	$1,577,280 
Dennis Schroder	PG	['ATL', 'ATL', 'ATL']	['2013-14', '2014-15', '2015-16']	[292, 1152, 1328]	$2,708,582 
Deron Williams	PG	['TOT, UTA, NJN', 'NJN', 'BRK', 'BRK', 'BRK', 'DAL']	['2010-11', '2011-12', '2012-13', '2013-14', '2014-15', '2015-16']	[4200, 1686, 2199, 1438, 1496, 1411]	$9,000,000 
Deron Williams	PG	['TOT, UTA, NJN', 'NJN', 'BRK', 'BRK', 'BRK', 'DAL']	['2010-11', '2011-12', '2012-13', '2013-14', '2014-15', '2015-16']	[4200, 1686, 2199, 1438, 1496, 1411]	$5,500,000 
Deron Williams	PG	['TOT, UTA, NJN', 'NJN', 'BRK', 'BRK', 'BRK', 'DAL']	['2010-11', '2011-12', '2012-13', '2013-14', '2014-15', '2015-16']	[4200, 1686, 2199, 1438, 1496, 1411]	$259,626 
Derrick Favors	PF	['TOT, NJN, UTA', 'UTA', 'UTA', 'UTA', 'UTA', 'UTA']	['2010-11', '2011-12', '2012-13', '2013-14', '2014-15', '2015-16']	[2008, 1038, 1416, 1752, 1968, 1674]	$11,050,000 
Derrick Rose	PG	['CHI', 'CHI', 'CHI', 'CHI', 'CHI']	['2010-11', '2011-12', '2013-14', '2014-15', '2015-16']	[2837, 1234, 206, 1207, 1499]	$21,323,250 
Derrick Williams	PF	['MIN', 'MIN', 'TOT, MIN, SAC', 'SAC', 'NYK']	['2011-12', '2012-13', '2013-14', '2014-15', '2015-16']	[916, 1389, 1990, 851, 1094]	$4,598,000 
Derrick Williams	PF	['MIN', 'MIN', 'TOT, MIN, SAC', 'SAC', 'NYK']	['2011-12', '2012-13', '2013-14', '2014-15', '2015-16']	[916, 1389, 1990, 851, 1094]	$134,014 
Devin Booker	SG	['PHO']	['2015-16']	[1339]	$2,223,600 
Devin Harris	PG	['TOT, NJN, UTA', 'UTA', 'ATL', 'DAL', 'DAL', 'DAL']	['2010-11', '2011-12', '2012-13', '2013-14', '2014-15', '2015-16']	[3242, 1098, 879, 549, 1044, 750]	$4,228,000 
Dewayne Dedmon	C	['TOT, GSW, PHI, ORL', 'ORL', 'ORL']	['2013-14', '2014-15', '2015-16']	[480, 535, 532]	$2,898,000 
Dion Waiters	SG	['CLE', 'CLE', 'TOT, CLE, OKC', 'OKC']	['2012-13', '2013-14', '2014-15', '2015-16']	[1180, 1443, 2586, 1094]	$2,898,000 
Dionte Christmas	SF	['PHO']	['2013-14']	[116]	$50,000 
Dirk Nowitzki	PF	['DAL', 'DAL', 'DAL', 'DAL', 'DAL', 'DAL']	['2010-11', '2011-12', '2012-13', '2013-14', '2014-15', '2015-16']	[2332, 1851, 1417, 2450, 1923, 2013]	$25,000,000 
Donatas Motiejunas	PF	['HOU', 'HOU', 'HOU', 'HOU']	['2012-13', '2013-14', '2014-15', '2015-16']	[354, 592, 1373, 358]	$576,724 
Doug McDermott	SF	['CHI', 'CHI']	['2014-15', '2015-16']	[146, 985]	$2,483,040 
Draymond Green	SF	['GSW', 'GSW', 'GSW', 'GSW']	['2012-13', '2013-14', '2014-15', '2015-16']	[556, 1155, 1948, 2471]	$15,330,435 
Dwight Howard	C	['ORL', 'ORL', 'LAL', 'HOU', 'HOU', 'HOU']	['2010-11', '2011-12', '2012-13', '2013-14', '2014-15', '2015-16']	[3003, 2024, 2394, 2253, 1093, 1925]	$23,180,275 
Dwight Powell	PF	['TOT, BOS, DAL', 'DAL']	['2014-15', '2015-16']	[306, 736]	$8,375,000 
Dwyane Wade	SG	['MIA', 'MIA', 'MIA', 'MIA', 'MIA', 'MIA']	['2010-11', '2011-12', '2012-13', '2013-14', '2014-15', '2015-16']	[2733, 1560, 2149, 1468, 1734, 1973]	$23,200,000 
E'Twaun Moore	PG	['BOS', 'ORL', 'ORL', 'CHI', 'CHI']	['2011-12', '2012-13', '2013-14', '2014-15', '2015-16']	[170, 930, 765, 240, 677]	$8,081,363 
Ed Davis	PF	['TOR', 'TOR', 'TOT, TOR, MEM', 'MEM', 'LAL', 'POR']	['2010-11', '2011-12', '2012-13', '2013-14', '2014-15', '2015-16']	[1061, 949, 2412, 664, 1439, 1278]	$6,666,667 
Elfrid Payton	PG	['ORL', 'ORL']	['2014-15', '2015-16']	[1572, 1439]	$2,613,600 
Elliot Williams	SG	['POR', 'PHI', 'TOT, UTA, NOP', 'MEM']	['2011-12', '2013-14', '2014-15', '2015-16']	[117, 576, 114, 15]	$250,000 
Elton Brand	PF	['PHI', 'PHI', 'DAL', 'ATL', 'ATL', 'PHI']	['2010-11', '2011-12', '2012-13', '2013-14', '2014-15', '2015-16']	[2110, 1275, 1101, 922, 242, 157]	$1,000,000 
Emmanuel Mudiay	PG	['DEN']	['2015-16']	[1359]	$3,241,800 
Enes Kanter	C	['UTA', 'UTA', 'UTA', 'TOT, UTA, OKC', 'OKC']	['2011-12', '2012-13', '2013-14', '2014-15', '2015-16']	[577, 800, 1586, 3618, 1679]	$17,145,838 
Eric Bledsoe	PG	['LAC', 'LAC', 'LAC', 'PHO', 'PHO', 'PHO']	['2010-11', '2011-12', '2012-13', '2013-14', '2014-15', '2015-16']	[979, 261, 1128, 1140, 2191, 919]	$14,000,000 
Eric Gordon	SG	['LAC', 'NOH', 'NOH', 'NOP', 'NOP', 'NOP']	['2010-11', '2011-12', '2012-13', '2013-14', '2014-15', '2015-16']	[1593, 234, 863, 1313, 1148, 890]	$12,385,364 
Ersan Ilyasova	PF	['MIL', 'MIL', 'MIL', 'MIL', 'MIL', 'TOT, DET, ORL']	['2010-11', '2011-12', '2012-13', '2013-14', '2014-15', '2015-16']	[1004, 1392, 1628, 1025, 1012, 2502]	$8,400,000 
Evan Fournier	SG	['DEN', 'DEN', 'ORL', 'ORL']	['2012-13', '2013-14', '2014-15', '2015-16']	[269, 893, 931, 1616]	$17,000,000 
Evan Turner	SG	['PHI', 'PHI', 'PHI', 'TOT, PHI, IND', 'BOS', 'BOS']	['2010-11', '2011-12', '2012-13', '2013-14', '2014-15', '2015-16']	[1013, 1121, 1866, 3372, 1549, 1549]	$16,393,443 
Festus Ezeli	C	['GSW', 'GSW', 'GSW']	['2012-13', '2014-15', '2015-16']	[560, 382, 639]	$7,400,000 
Frank Kaminsky	C	['CHO']	['2015-16']	[1062]	$2,730,000 
Gal Mekel	PG	['DAL', 'NOP']	['2013-14', '2014-15']	[137, 20]	$315,760 
Garrett Temple	PG-SG	['TOT, SAS, MIL, CHA', 'WAS', 'WAS', 'WAS', 'WAS']	['2010-11', '2012-13', '2013-14', '2014-15', '2015-16']	[212, 506, 282, 367, 957]	$8,000,000 
Gary Harris	SG	['DEN', 'DEN']	['2014-15', '2015-16']	[289, 1316]	$1,655,880 
Gary Neal	SG	['SAS', 'SAS', 'SAS', 'TOT, MIL, CHA', 'TOT, CHO, MIN', 'WAS']	['2010-11', '2011-12', '2012-13', '2013-14', '2014-15', '2015-16']	[1028, 761, 880, 1350, 1462, 512]	$72,193 
George Hill	PG	['SAS', 'IND', 'IND', 'IND', 'IND', 'IND']	['2010-11', '2011-12', '2012-13', '2013-14', '2014-15', '2015-16']	[1264, 784, 1706, 1335, 1080, 1450]	$8,000,000 
Gerald Green	SF	['NJN', 'IND', 'PHO', 'PHO', 'MIA']	['2011-12', '2012-13', '2013-14', '2014-15', '2015-16']	[532, 601, 1659, 1111, 846]	$1,410,598 
Gerald Henderson	SG	['CHA', 'CHA', 'CHA', 'CHA', 'CHO', 'POR']	['2010-11', '2011-12', '2012-13', '2013-14', '2014-15', '2015-16']	[979, 1150, 1476, 1560, 1411, 900]	$9,000,000 
Giannis Antetokounmpo	SF	['MIL', 'MIL', 'MIL']	['2013-14', '2014-15', '2015-16']	[1013, 1764, 2306]	$2,995,421 
Glenn Robinson	SG-SF	['TOT, MIN, PHI', 'IND']	['2014-15', '2015-16']	[238, 273]	$1,050,500 
Goran Dragic	PG	['TOT, PHO, HOU', 'HOU', 'PHO', 'PHO', 'TOT, PHO, MIA', 'MIA']	['2010-11', '2011-12', '2012-13', '2013-14', '2014-15', '2015-16']	[1624, 1232, 1879, 2147, 3638, 1617]	$15,890,000 
Gordon Hayward	SF	['UTA', 'UTA', 'UTA', 'UTA', 'UTA', 'UTA']	['2010-11', '2011-12', '2012-13', '2013-14', '2014-15', '2015-16']	[587, 1204, 1431, 1977, 2081, 2191]	$16,073,140 
Gorgui Dieng	C	['MIN', 'MIN', 'MIN']	['2013-14', '2014-15', '2015-16']	[651, 1536, 1605]	$2,348,783 
Greg Monroe	C	['DET', 'DET', 'DET', 'DET', 'DET', 'MIL']	['2010-11', '2011-12', '2012-13', '2013-14', '2014-15', '2015-16']	[1514, 1772, 2282, 2152, 1907, 2094]	$17,100,000 
Greivis Vasquez	SG	['MEM', 'NOH', 'NOH', 'TOT, SAC, TOR', 'TOR', 'MIL']	['2010-11', '2011-12', '2012-13', '2013-14', '2014-15', '2015-16']	[429, 1041, 1949, 2324, 1230, 238]	$4,347,826 
Harrison Barnes	SF	['GSW', 'GSW', 'GSW', 'GSW']	['2012-13', '2013-14', '2014-15', '2015-16']	[1144, 1166, 1405, 1210]	$22,116,750 
Hassan Whiteside	C	['SAC', 'SAC', 'MIA', 'MIA']	['2010-11', '2011-12', '2014-15', '2015-16']	[0, 81, 1144, 2111]	$22,116,750 
Henry Sims	C	['NOH', 'TOT, CLE, PHI', 'PHI', 'BRK']	['2012-13', '2013-14', '2014-15', '2015-16']	[5, 1292, 994, 183]	$75,000 
Hollis Thompson	SF	['PHI', 'PHI', 'PHI']	['2013-14', '2014-15', '2015-16']	[786, 926, 1113]	$442,126 
Hollis Thompson	SF	['PHI', 'PHI', 'PHI']	['2013-14', '2014-15', '2015-16']	[786, 926, 1113]	$59,747 
Ian Clark	SG	['UTA', 'TOT, UTA, DEN', 'GSW']	['2013-14', '2014-15', '2015-16']	[98, 176, 355]	$1,015,696 
Ian Mahinmi	C	['DAL', 'DAL', 'IND', 'IND', 'IND', 'IND']	['2010-11', '2011-12', '2012-13', '2013-14', '2014-15', '2015-16']	[305, 674, 753, 608, 671, 1311]	$15,944,154 
Iman Shumpert	PG	['NYK', 'NYK', 'NYK', 'TOT, NYK, CLE', 'CLE']	['2011-12', '2012-13', '2013-14', '2014-15', '2015-16']	[911, 529, 958, 1722, 622]	$9,700,000 
Isaiah Canaan	PG	['HOU', 'TOT, HOU, PHI', 'PHI']	['2013-14', '2014-15', '2015-16']	[138, 1174, 1134]	$1,015,696 
Isaiah Thomas	PG	['SAC', 'SAC', 'SAC', 'TOT, PHO, BOS', 'BOS']	['2011-12', '2012-13', '2013-14', '2014-15', '2015-16']	[1139, 1507, 2017, 2914, 2455]	$6,587,132 
Ish Smith	PG	['TOT, HOU, MEM', 'TOT, GSW, ORL', 'TOT, ORL, MIL', 'PHO', 'TOT, OKC, PHI', 'TOT, NOP, PHI']	['2010-11', '2011-12', '2012-13', '2013-14', '2014-15', '2015-16']	[426, 304, 528, 566, 1164, 3432]	$6,000,000 
J.J. Barea	PG	['DAL', 'MIN', 'MIN', 'MIN', 'DAL', 'DAL']	['2010-11', '2011-12', '2012-13', '2013-14', '2014-15', '2015-16']	[1140, 727, 1222, 1018, 941, 1177]	$4,096,950 
J.J. Redick	SG	['ORL', 'ORL', 'TOT, ORL, MIL', 'LAC', 'LAC', 'LAC']	['2010-11', '2011-12', '2012-13', '2013-14', '2014-15', '2015-16']	[787, 1030, 2952, 673, 1533, 1440]	$7,377,500 
J.R. Smith	SF	['DEN', 'NYK', 'NYK', 'NYK', 'TOT, NYK, CLE', 'CLE']	['2010-11', '2011-12', '2012-13', '2013-14', '2014-15', '2015-16']	[1474, 670, 2079, 1563, 2534, 1345]	$12,800,000 
JaMychal Green	PF	['TOT, SAS, MEM', 'MEM']	['2014-15', '2015-16']	[214, 1014]	$980,431 
JaVale McGee	C	['WAS', 'TOT, WAS, DEN', 'DEN', 'DEN', 'TOT, DEN, PHI', 'DAL']	['2010-11', '2011-12', '2012-13', '2013-14', '2014-15', '2015-16']	[1602, 2558, 1219, 54, 348, 318]	$1,403,611 
Jabari Parker	PF	['MIL', 'MIL']	['2014-15', '2015-16']	[477, 1577]	$5,374,320 
Jae Crowder	SF	['DAL', 'DAL', 'TOT, DAL, BOS', 'BOS']	['2012-13', '2013-14', '2014-15', '2015-16']	[704, 649, 2126, 1624]	$6,286,408 
Jahlil Okafor	C	['PHI']	['2015-16']	[1325]	$4,788,840 
Jamal Crawford	SG	['ATL', 'POR', 'LAC', 'LAC', 'LAC', 'LAC']	['2010-11', '2011-12', '2012-13', '2013-14', '2014-15', '2015-16']	[1374, 1104, 1522, 1599, 1273, 1399]	$13,253,012 
Jameer Nelson	PG	['ORL', 'ORL', 'ORL', 'ORL', 'TOT, DAL, BOS, DEN', 'DEN']	['2010-11', '2011-12', '2012-13', '2013-14', '2014-15', '2015-16']	[1563, 1090, 1367, 1418, 1732, 568]	$4,540,525 
James Ennis	SF	['MIA', 'TOT, MIA, MEM, NOP']	['2014-15', '2015-16']	[539, 448]	$2,898,000 
James Harden	SG	['OKC', 'OKC', 'HOU', 'HOU', 'HOU', 'HOU']	['2010-11', '2011-12', '2012-13', '2013-14', '2014-15', '2015-16']	[1439, 1465, 2742, 2520, 3134, 3305]	$26,540,100 
James Johnson	SF	['TOT, CHI, TOR', 'TOR', 'SAC', 'MEM', 'TOR', 'TOR']	['2010-11', '2011-12', '2012-13', '2013-14', '2014-15', '2015-16']	[1016, 1034, 502, 694, 951, 488]	$4,000,000 
James Jones	SF	['MIA', 'MIA', 'MIA', 'MIA', 'CLE', 'CLE']	['2010-11', '2011-12', '2012-13', '2013-14', '2014-15', '2015-16']	[705, 269, 100, 132, 344, 250]	$1,551,659 
James Michael McAdoo	PF	['GSW', 'GSW']	['2014-15', '2015-16']	[109, 194]	$980,431 
James Young	SG	['BOS', 'BOS']	['2014-15', '2015-16']	[165, 66]	$1,825,200 
Jared Dudley	SF	['PHO', 'PHO', 'PHO', 'LAC', 'MIL', 'WAS']	['2010-11', '2011-12', '2012-13', '2013-14', '2014-15', '2015-16']	[1323, 1232, 1291, 770, 889, 1107]	$10,470,000 
Jared Sullinger	PF	['BOS', 'BOS', 'BOS', 'BOS']	['2012-13', '2013-14', '2014-15', '2015-16']	[584, 1666, 1353, 1714]	$5,628,000 
Jarell Eddie	SF	['WAS']	['2015-16']	[96]	$175,000 
Jarell Martin	PF	['MEM']	['2015-16']	[250]	$1,286,160 
Jarnell Stokes	PF	['MEM', 'TOT, MEM, MIA']	['2014-15', '2015-16']	[98, 26]	$150,000 
Jarrett Jack	SG-PG	['TOT, TOR, NOH', 'NOH', 'GSW', 'CLE', 'BRK', 'BRK']	['2010-11', '2011-12', '2012-13', '2013-14', '2014-15', '2015-16']	[2200, 1095, 1619, 1252, 1472, 730]	$1,551,659 
Jarrett Jack	SG-PG	['TOT, TOR, NOH', 'NOH', 'GSW', 'CLE', 'BRK', 'BRK']	['2010-11', '2011-12', '2012-13', '2013-14', '2014-15', '2015-16']	[2200, 1095, 1619, 1252, 1472, 730]	$500,000 
Jarrett Jack	SG-PG	['TOT, TOR, NOH', 'NOH', 'GSW', 'CLE', 'BRK', 'BRK']	['2010-11', '2011-12', '2012-13', '2013-14', '2014-15', '2015-16']	[2200, 1095, 1619, 1252, 1472, 730]	$91,274 
Jason Smith	C	['NOH', 'NOH', 'NOH', 'NOP', 'NYK', 'ORL']	['2010-11', '2011-12', '2012-13', '2013-14', '2014-15', '2015-16']	[613, 648, 645, 523, 1092, 868]	$5,000,000 
Jason Terry	SG	['DAL', 'DAL', 'BOS', 'BRK', 'HOU', 'HOU']	['2010-11', '2011-12', '2012-13', '2013-14', '2014-15', '2015-16']	[1719, 1282, 1131, 238, 820, 611]	$1,551,659 
Jason Thompson	PF	['SAC', 'SAC', 'SAC', 'SAC', 'SAC', 'TOT, GSW, TOR']	['2010-11', '2011-12', '2012-13', '2013-14', '2014-15', '2015-16']	[1178, 1124, 1532, 1159, 1112, 654]	$945,126 
Jeff Green	PF-SF	['TOT, OKC, BOS', 'BOS', 'BOS', 'TOT, BOS, MEM', 'TOT, MEM, LAC']	['2010-11', '2012-13', '2013-14', '2014-15', '2015-16']	[2914, 1474, 1839, 3218, 2828]	$15,000,000 
Jeff Teague	PG	['ATL', 'ATL', 'ATL', 'ATL', 'ATL', 'ATL']	['2010-11', '2011-12', '2012-13', '2013-14', '2014-15', '2015-16']	[607, 1320, 1840, 1914, 1810, 1826]	$8,800,000 
Jeff Withey	C	['NOP', 'NOP', 'UTA']	['2013-14', '2014-15', '2015-16']	[411, 183, 456]	$1,015,696 
Jerami Grant	SF	['PHI', 'PHI']	['2014-15', '2015-16']	[711, 1316]	$980,431 
Jeremy Evans	SF	['UTA', 'UTA', 'UTA', 'UTA', 'UTA', 'DAL']	['2010-11', '2011-12', '2012-13', '2013-14', '2014-15', '2015-16']	[314, 150, 157, 803, 192, 135]	$1,227,286 
Jeremy Lamb	SF	['OKC', 'OKC', 'OKC', 'CHO']	['2012-13', '2013-14', '2014-15', '2015-16']	[92, 990, 446, 931]	$6,511,628 
Jeremy Lin	PG	['GSW', 'NYK', 'HOU', 'HOU', 'LAL', 'CHO']	['2010-11', '2011-12', '2012-13', '2013-14', '2014-15', '2015-16']	[176, 773, 1766, 1290, 1315, 1352]	$11,483,254 
Jerian Grant	PG	['NYK']	['2015-16']	[719]	$1,643,040 
Jerryd Bayless	PG	['TOT, NOH, TOR', 'TOR', 'MEM', 'TOT, MEM, BOS', 'MIL', 'MIL']	['2010-11', '2011-12', '2012-13', '2013-14', '2014-15', '2015-16']	[1996, 512, 1089, 1984, 980, 830]	$9,424,084 
Jimmy Butler	SG	['CHI', 'CHI', 'CHI', 'CHI', 'CHI']	['2011-12', '2012-13', '2013-14', '2014-15', '2015-16']	[181, 1195, 1444, 1949, 2099]	$17,552,209 
Joakim Noah	C	['CHI', 'CHI', 'CHI', 'CHI', 'CHI', 'CHI']	['2010-11', '2011-12', '2012-13', '2013-14', '2014-15', '2015-16']	[1196, 1482, 1822, 2364, 1442, 484]	$17,000,000 
Jodie Meeks	SG	['PHI', 'PHI', 'LAL', 'LAL', 'DET', 'DET']	['2010-11', '2011-12', '2012-13', '2013-14', '2014-15', '2015-16']	[1030, 785, 869, 1545, 854, 29]	$6,540,000 
Joe Harris	SG	['CLE', 'CLE']	['2014-15', '2015-16']	[185, 7]	$980,431 
Joe Ingles	SF	['UTA', 'UTA']	['2014-15', '2015-16']	[737, 583]	$2,250,000 
Joe Johnson	SG	['ATL', 'ATL', 'BRK', 'BRK', 'BRK', 'TOT, BRK, MIA']	['2010-11', '2011-12', '2012-13', '2013-14', '2014-15', '2015-16']	[1849, 1527, 1581, 1668, 1766, 3016]	$11,000,000 
Joe Young	PG	['IND']	['2015-16']	[251]	$1,052,342 
Joel Anthony	C	['MIA', 'MIA', 'MIA', 'TOT, MIA, BOS', 'DET', 'DET']	['2010-11', '2011-12', '2012-13', '2013-14', '2014-15', '2015-16']	[510, 553, 248, 160, 234, 52]	$497,858 
Joel Anthony	C	['MIA', 'MIA', 'MIA', 'TOT, MIA, BOS', 'DET', 'DET']	['2010-11', '2011-12', '2012-13', '2013-14', '2014-15', '2015-16']	[510, 553, 248, 160, 234, 52]	$165,952 
Joffrey Lauvergne	C	['DEN', 'DEN']	['2014-15', '2015-16']	[179, 785]	$1,709,720 
John Henson	PF	['MIL', 'MIL', 'MIL', 'MIL']	['2012-13', '2013-14', '2014-15', '2015-16']	[722, 1432, 917, 735]	$12,517,606 
John Jenkins	SG	['ATL', 'ATL', 'ATL', 'TOT, DAL, PHO']	['2012-13', '2013-14', '2014-15', '2015-16']	[506, 64, 189, 504]	$469,841 
John Lucas III	PG	['CHI', 'CHI', 'TOR', 'UTA', 'DET']	['2010-11', '2011-12', '2012-13', '2013-14', '2014-15']	[3, 531, 501, 232, 166]	$635,753 
John Wall	PG	['WAS', 'WAS', 'WAS', 'WAS', 'WAS', 'WAS']	['2010-11', '2011-12', '2012-13', '2013-14', '2014-15', '2015-16']	[1917, 1803, 1420, 2531, 2424, 2585]	$16,957,900 
Johnny O'Bryant	PF	['MIL', 'MIL']	['2014-15', '2015-16']	[165, 403]	$115,344 
Johnny O'Bryant	PF	['MIL', 'MIL']	['2014-15', '2015-16']	[165, 403]	$57,672 
Jon Leuer	PF	['MIL', 'TOT, CLE, MEM', 'MEM', 'MEM', 'PHO']	['2011-12', '2012-13', '2013-14', '2014-15', '2015-16']	[376, 198, 484, 530, 1005]	$10,991,957 
Jonas Jerebko	PF	['DET', 'DET', 'DET', 'TOT, DET, BOS', 'BOS']	['2011-12', '2012-13', '2013-14', '2014-15', '2015-16']	[903, 609, 468, 1642, 682]	$5,000,000 
Jonas Valanciunas	C	['TOR', 'TOR', 'TOR', 'TOR']	['2012-13', '2013-14', '2014-15', '2015-16']	[972, 1646, 1714, 1377]	$14,382,022 
Jonathon Simmons	SG	['SAS']	['2015-16']	[461]	$874,636 
Jordan Adams	SG	['MEM', 'MEM']	['2014-15', '2015-16']	[147, 13]	$1,465,080 
Jordan Clarkson	PG	['LAL', 'LAL']	['2014-15', '2015-16']	[1067, 1690]	$12,500,000 
Jordan Farmar	PG	['NJN', 'NJN', 'LAL', 'LAC', 'MEM']	['2010-11', '2011-12', '2013-14', '2014-15', '2015-16']	[1171, 554, 670, 269, 171]	$510,921 
Jordan Farmar	PG	['NJN', 'NJN', 'LAL', 'LAC', 'MEM']	['2010-11', '2011-12', '2013-14', '2014-15', '2015-16']	[1171, 554, 670, 269, 171]	$66,384 
Jordan Farmar	PG	['NJN', 'NJN', 'LAL', 'LAC', 'MEM']	['2010-11', '2011-12', '2013-14', '2014-15', '2015-16']	[1171, 554, 670, 269, 171]	$16,595 
Jordan Hill	C	['HOU', 'TOT, HOU, LAL', 'LAL', 'LAL', 'LAL', 'IND']	['2010-11', '2011-12', '2012-13', '2013-14', '2014-15', '2015-16']	[745, 812, 374, 1303, 1480, 1164]	$3,911,380 
Jordan McRae	PG	['TOT, PHO, CLE']	['2015-16']	[266]	$874,636 
Jordan Mickey	PF	['BOS']	['2015-16']	[45]	$1,223,653 
Jose Calderon	PG	['TOR', 'TOR', 'TOT, TOR, DET', 'DAL', 'NYK', 'NYK']	['2010-11', '2011-12', '2012-13', '2013-14', '2014-15', '2015-16']	[1416, 1129, 2920, 1471, 660, 1054]	$7,708,427 
Jose Calderon	PG	['TOR', 'TOR', 'TOT, TOR, DET', 'DAL', 'NYK', 'NYK']	['2010-11', '2011-12', '2012-13', '2013-14', '2014-15', '2015-16']	[1416, 1129, 2920, 1471, 660, 1054]	$247,991 
Josh Huestis	PF	['OKC']	['2015-16']	[24]	$1,191,480 
Josh McRoberts	PF	['IND', 'LAL', 'TOT, ORL, CHA', 'CHA', 'MIA', 'MIA']	['2010-11', '2011-12', '2012-13', '2013-14', '2014-15', '2015-16']	[1076, 362, 1720, 1388, 143, 331]	$5,782,450 
Josh Richardson	SG	['MIA']	['2015-16']	[547]	$874,636 
Josh Smith	PF	['ATL', 'ATL', 'ATL', 'DET', 'TOT, DET, HOU', 'TOT, LAC, HOU']	['2010-11', '2011-12', '2012-13', '2013-14', '2014-15', '2015-16']	[2208, 2172, 2291, 2052, 3662, 1236]	$5,400,000 
Jrue Holiday	PG	['PHI', 'PHI', 'PHI', 'NOP', 'NOP', 'NOP']	['2010-11', '2011-12', '2012-13', '2013-14', '2014-15', '2015-16']	[1939, 1367, 2200, 860, 996, 1618]	$11,286,518 
Julius Randle	PF	['LAL', 'LAL']	['2014-15', '2015-16']	[1, 1825]	$3,267,120 
Julyan Stone	SG	['DEN', 'DEN', 'TOR']	['2011-12', '2012-13', '2013-14']	[101, 11, 48]	$50,000 
Justin Anderson	SF	['DAL']	['2015-16']	[389]	$1,514,160 
Justin Hamilton	C	['TOT, CHA, MIA', 'TOT, MIA, MIN']	['2013-14', '2014-15']	[68, 840]	$3,000,000 
Justin Holiday	SG	['PHI', 'GSW', 'TOT, ATL, CHI']	['2012-13', '2014-15', '2015-16']	[71, 398, 794]	$1,015,696 
Justise Winslow	SF	['MIA']	['2015-16']	[1021]	$2,593,440 
Jusuf Nurkic	C	['DEN', 'DEN']	['2014-15', '2015-16']	[892, 491]	$1,921,320 
K.J. McDaniels	SG	['TOT, PHI, HOU', 'HOU']	['2014-15', '2015-16']	[1536, 137]	$3,333,333 
Karl-Anthony Towns	C	['MIN']	['2015-16']	[2535]	$5,960,160 
Kawhi Leonard	SF	['SAS', 'SAS', 'SAS', 'SAS', 'SAS']	['2011-12', '2012-13', '2013-14', '2014-15', '2015-16']	[969, 1195, 1473, 1778, 2296]	$17,638,063 
Keith Benson	C	['GSW']	['2011-12']	[3]	$75,000 
Kelly Olynyk	C	['BOS', 'BOS', 'BOS']	['2013-14', '2014-15', '2015-16']	[1037, 1073, 1084]	$3,094,014 
Kelly Oubre	SF	['WAS']	['2015-16']	[377]	$2,006,640 
Kemba Walker	PG	['CHA', 'CHA', 'CHA', 'CHO', 'CHO']	['2011-12', '2012-13', '2013-14', '2014-15', '2015-16']	[1283, 2200, 1991, 1633, 2461]	$12,000,000 
Kenneth Faried	PF	['DEN', 'DEN', 'DEN', 'DEN', 'DEN']	['2011-12', '2012-13', '2013-14', '2014-15', '2015-16']	[886, 1785, 1880, 1704, 1496]	$12,078,652 
Kent Bazemore	SG	['GSW', 'TOT, GSW, LAL', 'ATL', 'ATL']	['2012-13', '2013-14', '2014-15', '2015-16']	[170, 1176, 702, 1420]	$15,730,338 
Kentavious Caldwell-Pope	SG	['DET', 'DET', 'DET']	['2013-14', '2014-15', '2015-16']	[740, 1424, 1547]	$3,678,319 
Kevin Durant	SF	['OKC', 'OKC', 'OKC', 'OKC', 'OKC', 'OKC']	['2010-11', '2011-12', '2012-13', '2013-14', '2014-15', '2015-16']	[2854, 2525, 3235, 3513, 949, 2883]	$26,540,100 
Kevin Garnett	PF	['BOS', 'BOS', 'BOS', 'BRK', 'TOT, BRK, MIN', 'MIN']	['2010-11', '2011-12', '2012-13', '2013-14', '2014-15', '2015-16']	[1895, 1626, 1723, 806, 1456, 356]	$8,000,000 
Kevin Love	PF	['MIN', 'MIN', 'MIN', 'MIN', 'CLE', 'CLE']	['2010-11', '2011-12', '2012-13', '2013-14', '2014-15', '2015-16']	[2690, 2224, 607, 3212, 2095, 2139]	$21,165,675 
Kevin Martin	SG	['HOU', 'HOU', 'OKC', 'MIN', 'MIN', 'TOT, MIN, SAS']	['2010-11', '2011-12', '2012-13', '2013-14', '2014-15', '2015-16']	[2243, 859, 1340, 1588, 968, 1314]	$1,360,305 
Kevin Seraphin	PF	['WAS', 'WAS', 'WAS', 'WAS', 'WAS', 'NYK']	['2010-11', '2011-12', '2012-13', '2013-14', '2014-15', '2015-16']	[319, 795, 1077, 382, 838, 361]	$1,800,000 
Kevon Looney	PF	['GSW']	['2015-16']	[18]	$1,182,840 
Khris Middleton	SG	['DET', 'MIL', 'MIL', 'MIL']	['2012-13', '2013-14', '2014-15', '2015-16']	[251, 1449, 1604, 2037]	$15,200,000 
Klay Thompson	SG	['GSW', 'GSW', 'GSW', 'GSW', 'GSW']	['2011-12', '2012-13', '2013-14', '2014-15', '2015-16']	[1086, 1822, 1894, 2135, 2214]	$16,663,575 
Kosta Koufos	C	['TOT, MIN, DEN', 'DEN', 'DEN', 'MEM', 'MEM', 'SAC']	['2010-11', '2011-12', '2012-13', '2013-14', '2014-15', '2015-16']	[602, 568, 1336, 1007, 905, 1047]	$8,046,500 
Kris Humphries	PF	['NJN', 'NJN', 'BRK', 'BOS', 'WAS', 'TOT, WAS, PHO, ATL']	['2010-11', '2011-12', '2012-13', '2013-14', '2014-15', '2015-16']	[1606, 1631, 764, 1083, 995, 1196]	$4,000,000 
Kristaps Porzingis	PF	['NYK']	['2015-16']	[1714]	$4,317,720 
Kyle Anderson	SF	['SAS', 'SAS']	['2014-15', '2015-16']	[186, 747]	$1,192,080 
Kyle Korver	SG	['CHI', 'CHI', 'ATL', 'ATL', 'ATL', 'ATL']	['2010-11', '2011-12', '2012-13', '2013-14', '2014-15', '2015-16']	[950, 798, 1286, 1332, 1398, 1160]	$5,239,437 
Kyle Lowry	PG	['HOU', 'HOU', 'TOR', 'TOR', 'TOR', 'TOR']	['2010-11', '2011-12', '2012-13', '2013-14', '2014-15', '2015-16']	[1787, 1150, 1508, 2314, 1994, 2460]	$12,000,000 
Kyle O'Quinn	C	['ORL', 'ORL', 'ORL', 'NYK']	['2012-13', '2013-14', '2014-15', '2015-16']	[493, 920, 567, 639]	$3,900,000 
Kyle Singler	SF	['DET', 'DET', 'TOT, DET, OKC', 'OKC']	['2012-13', '2013-14', '2014-15', '2015-16']	[1123, 1182, 1544, 403]	$4,837,500 
Kyrie Irving	PG	['CLE', 'CLE', 'CLE', 'CLE', 'CLE']	['2011-12', '2012-13', '2013-14', '2014-15', '2015-16']	[1324, 1810, 2111, 2202, 1397]	$17,638,063 
LaMarcus Aldridge	PF	['POR', 'POR', 'POR', 'POR', 'POR', 'SAS']	['2010-11', '2011-12', '2012-13', '2013-14', '2014-15', '2015-16']	[2671, 1752, 2432, 2554, 2505, 2093]	$20,575,005 
Lamar Patterson	SG	['ATL']	['2015-16']	[161]	$102,898 
Lamar Patterson	SG	['ATL']	['2015-16']	[161]	$100,000 
Lamar Patterson	SG	['ATL']	['2015-16']	[161]	$25,725 
Lance Stephenson	SG	['IND', 'IND', 'IND', 'IND', 'CHO', 'TOT, LAC, MEM']	['2010-11', '2011-12', '2012-13', '2013-14', '2014-15', '2015-16']	[64, 195, 1202, 1848, 936, 1774]	$1,227,286 
Lance Stephenson	SG	['IND', 'IND', 'IND', 'IND', 'CHO', 'TOT, LAC, MEM']	['2010-11', '2011-12', '2012-13', '2013-14', '2014-15', '2015-16']	[64, 195, 1202, 1848, 936, 1774]	$72,193 
Lance Thomas	PF	['NOH', 'NOH', 'NOP', 'TOT, OKC, NYK', 'NYK']	['2011-12', '2012-13', '2013-14', '2014-15', '2015-16']	[297, 285, 14, 1356, 640]	$6,191,000 
Langston Galloway	PG	['NYK', 'NYK']	['2014-15', '2015-16']	[876, 1158]	$5,200,000 
Larry Sanders	C	['MIL', 'MIL', 'MIL', 'MIL', 'MIL']	['2010-11', '2011-12', '2012-13', '2013-14', '2014-15']	[510, 444, 1618, 394, 422]	$1,865,547 
Lavoy Allen	PF	['PHI', 'PHI', 'TOT, PHI, IND', 'IND', 'IND']	['2011-12', '2012-13', '2013-14', '2014-15', '2015-16']	[385, 947, 1396, 728, 927]	$4,000,000 
LeBron James	SF	['MIA', 'MIA', 'MIA', 'MIA', 'CLE', 'CLE']	['2010-11', '2011-12', '2012-13', '2013-14', '2014-15', '2015-16']	[3145, 2514, 3167, 2987, 2556, 2903]	$30,963,450 
Leandro Barbosa	SG	['TOR', 'TOT, TOR, IND', 'BOS', 'PHO', 'GSW', 'GSW']	['2010-11', '2011-12', '2012-13', '2013-14', '2014-15', '2015-16']	[959, 1802, 321, 211, 662, 633]	$4,000,000 
Lou Amundson	PF	['GSW', 'IND', 'TOT, MIN, CHI, NOH', 'TOT, NOP, CHI', 'TOT, CLE, NYK', 'NYK']	['2010-11', '2011-12', '2012-13', '2013-14', '2014-15', '2015-16']	[425, 475, 404, 210, 1218, 111]	$1,551,659 
Lou Williams	SG	['PHI', 'PHI', 'ATL', 'ATL', 'TOR', 'LAL']	['2010-11', '2011-12', '2012-13', '2013-14', '2014-15', '2015-16']	[1390, 1332, 750, 916, 1554, 1338]	$7,000,000 
Luc Mbah a Moute	PF	['MIL', 'MIL', 'MIL', 'TOT, SAC, MIN', 'PHI', 'LAC']	['2010-11', '2011-12', '2012-13', '2013-14', '2014-15', '2015-16']	[1040, 612, 684, 820, 1097, 461]	$2,203,000 
Lucas Nogueira	C	['TOR', 'TOR']	['2014-15', '2015-16']	[18, 131]	$1,921,320 
Luis Scola	PF	['HOU', 'HOU', 'PHO', 'IND', 'IND', 'TOR']	['2010-11', '2011-12', '2012-13', '2013-14', '2014-15', '2015-16']	[2088, 1499, 1747, 1032, 1365, 1095]	$5,000,000 
Luke Babbitt	SF	['POR', 'POR', 'POR', 'NOP', 'NOP', 'NOP']	['2010-11', '2011-12', '2012-13', '2013-14', '2014-15', '2015-16']	[68, 300, 407, 290, 393, 523]	$1,227,000 
Luol Deng	SF	['CHI', 'CHI', 'CHI', 'TOT, CHI, CLE', 'MIA', 'MIA']	['2010-11', '2011-12', '2012-13', '2013-14', '2014-15', '2015-16']	[2106, 1331, 1904, 3024, 1501, 1516]	$18,000,000 
Manu Ginobili	SG	['SAS', 'SAS', 'SAS', 'SAS', 'SAS', 'SAS']	['2010-11', '2011-12', '2012-13', '2013-14', '2014-15', '2015-16']	[2058, 679, 1141, 1281, 1175, 856]	$14,000,000 
Marc Gasol	C	['MEM', 'MEM', 'MEM', 'MEM', 'MEM', 'MEM']	['2010-11', '2011-12', '2012-13', '2013-14', '2014-15', '2015-16']	[1784, 1797, 2129, 1522, 2375, 1421]	$21,165,675 
Marcelo Huertas	PG	['LAL']	['2015-16']	[462]	$1,500,000 
Marcin Gortat	C	['TOT, ORL, PHO', 'PHO', 'PHO', 'WAS', 'WAS', 'WAS']	['2010-11', '2011-12', '2012-13', '2013-14', '2014-15', '2015-16']	[3128, 1792, 1310, 2009, 1874, 1881]	$12,000,000 
Marco Belinelli	SG	['NOH', 'NOH', 'CHI', 'SAS', 'SAS', 'SAC']	['2010-11', '2011-12', '2012-13', '2013-14', '2014-15', '2015-16']	[1046, 1037, 958, 1278, 792, 899]	$6,333,333 
Marcus Morris	PF	['HOU', 'TOT, HOU, PHO', 'PHO', 'PHO', 'DET']	['2011-12', '2012-13', '2013-14', '2014-15', '2015-16']	[59, 1846, 1198, 1369, 1686]	$4,625,000 
Marcus Smart	PG	['BOS', 'BOS']	['2014-15', '2015-16']	[980, 1027]	$3,578,880 
Marcus Thornton	SG	['TOT, NOH, SAC', 'SAC', 'SAC', 'TOT, SAC, BRK', 'TOT, BOS, PHO', 'TOT, HOU, WAS']	['2010-11', '2011-12', '2012-13', '2013-14', '2014-15', '2015-16']	[2612, 1237, 1185, 1960, 1018, 1650]	$1,315,448 
Mario Hezonja	SF	['ORL']	['2015-16']	[722]	$3,909,840 
Markieff Morris	PF	['PHO', 'PHO', 'PHO', 'PHO', 'TOT, PHO, WAS']	['2011-12', '2012-13', '2013-14', '2014-15', '2015-16']	[824, 1211, 1716, 1926, 2396]	$7,400,000 
Marreese Speights	C	['PHI', 'MEM', 'TOT, MEM, CLE', 'GSW', 'GSW', 'GSW']	['2010-11', '2011-12', '2012-13', '2013-14', '2014-15', '2015-16']	[571, 924, 2176, 808, 1160, 799]	$1,403,611 
Martell Webster	SF	['MIN', 'MIN', 'WAS', 'WAS', 'WAS']	['2010-11', '2011-12', '2012-13', '2013-14', '2014-15']	[632, 534, 1282, 1076, 155]	$830,000 
Marvin Williams	SF	['ATL', 'ATL', 'UTA', 'UTA', 'CHO', 'CHO']	['2010-11', '2011-12', '2012-13', '2013-14', '2014-15', '2015-16']	[1072, 970, 884, 1047, 1108, 1652]	$12,250,000 
Mason Plumlee	C	['BRK', 'BRK', 'POR']	['2013-14', '2014-15', '2015-16']	[915, 1325, 1602]	$2,328,530 
Matt Barnes	SF	['LAL', 'LAL', 'LAC', 'LAC', 'LAC', 'MEM']	['2010-11', '2011-12', '2012-13', '2013-14', '2014-15', '2015-16']	[658, 971, 1366, 1041, 1210, 1355]	$6,125,000 
Matthew Dellavedova	SG	['CLE', 'CLE', 'CLE']	['2013-14', '2014-15', '2015-16']	[627, 614, 1005]	$9,607,500 
Maurice Harkless	SF	['ORL', 'ORL', 'ORL', 'POR']	['2012-13', '2013-14', '2014-15', '2015-16']	[1091, 997, 303, 867]	$8,988,764 
Metta World Peace	SF	['LAL', 'LAL', 'LAL', 'NYK', 'LAL']	['2010-11', '2011-12', '2012-13', '2013-14', '2015-16']	[1209, 878, 1479, 228, 310]	$1,551,659 
Meyers Leonard	C	['POR', 'POR', 'POR', 'POR']	['2012-13', '2013-14', '2014-15', '2015-16']	[665, 224, 594, 866]	$9,213,484 
Michael Beasley	SF	['MIN', 'MIN', 'PHO', 'MIA', 'MIA', 'HOU']	['2010-11', '2011-12', '2012-13', '2013-14', '2014-15', '2015-16']	[1879, 750, 1073, 637, 324, 365]	$1,403,611 
Michael Beasley	SF	['MIN', 'MIN', 'PHO', 'MIA', 'MIA', 'HOU']	['2010-11', '2011-12', '2012-13', '2013-14', '2014-15', '2015-16']	[1879, 750, 1073, 637, 324, 365]	$777,777 
Michael Carter-Williams	PG	['PHI', 'TOT, PHI, MIL', 'MIL']	['2013-14', '2014-15', '2015-16']	[1971, 3298, 1148]	$3,183,526 
Michael Kidd-Gilchrist	SF	['CHA', 'CHA', 'CHO', 'CHO']	['2012-13', '2013-14', '2014-15', '2015-16']	[1299, 846, 1096, 141]	$13,000,000 
Mike Conley	PG	['MEM', 'MEM', 'MEM', 'MEM', 'MEM', 'MEM']	['2010-11', '2011-12', '2012-13', '2013-14', '2014-15', '2015-16']	[1868, 1370, 1889, 1883, 1638, 1362]	$26,540,100 
Mike Dunleavy	SG	['IND', 'MIL', 'MIL', 'CHI', 'CHI', 'CHI']	['2010-11', '2011-12', '2012-13', '2013-14', '2014-15', '2015-16']	[1064, 976, 1205, 1462, 957, 342]	$4,837,500 
Mike Miller	SG	['MIA', 'MIA', 'MIA', 'MEM', 'CLE', 'DEN']	['2010-11', '2011-12', '2012-13', '2013-14', '2014-15', '2015-16']	[444, 397, 527, 870, 241, 156]	$3,500,000 
Mike Muscala	PF	['ATL', 'ATL', 'ATL']	['2013-14', '2014-15', '2015-16']	[136, 355, 359]	$1,015,696 
Mike Scott	PF	['ATL', 'ATL', 'ATL', 'ATL']	['2012-13', '2013-14', '2014-15', '2015-16']	[290, 1084, 792, 748]	$3,333,334 
Miles Plumlee	C	['IND', 'PHO', 'TOT, PHO, MIL', 'MIL']	['2012-13', '2013-14', '2014-15', '2015-16']	[37, 1344, 1408, 593]	$12,500,000 
Miroslav Raduljica	C	['MIL', 'MIN']	['2013-14', '2014-15']	[304, 12]	$300,000 
Mirza Teletovic	PF	['BRK', 'BRK', 'BRK', 'PHO']	['2012-13', '2013-14', '2014-15', '2015-16']	[307, 943, 556, 1325]	$10,500,000 
Mitch McGary	PF	['OKC', 'OKC']	['2014-15', '2015-16']	[381, 43]	$1,526,040 
Mo Williams	PG	['TOT, CLE, LAC', 'LAC', 'UTA', 'POR', 'TOT, MIN, CHO', 'CLE']	['2010-11', '2011-12', '2012-13', '2013-14', '2014-15', '2015-16']	[2474, 916, 917, 1111, 2900, 470]	$2,200,000 
Monta Ellis	SG	['GSW', 'TOT, GSW, MIL', 'MIL', 'DAL', 'DAL', 'IND']	['2010-11', '2011-12', '2012-13', '2013-14', '2014-15', '2015-16']	[2599, 3306, 2340, 2226, 2007, 1759]	$10,770,000 
Montrezl Harrell	PF	['HOU']	['2015-16']	[227]	$1,000,000 
Myles Turner	C	['IND']	['2015-16']	[1036]	$2,463,840 
Nate Wolters	PG	['MIL', 'TOT, MIL, NOP']	['2013-14', '2014-15']	[746, 188]	$50,000 
Nemanja Bjelica	PF	['MIN']	['2015-16']	[601]	$3,800,000 
Nene Hilario	C	['DEN', 'TOT, DEN, WAS', 'WAS', 'WAS', 'WAS', 'WAS']	['2010-11', '2011-12', '2012-13', '2013-14', '2014-15', '2015-16']	[1834, 1780, 1303, 1195, 1169, 885]	$2,898,000 
Nerlens Noel	C	['PHI', 'PHI']	['2014-15', '2015-16']	[1612, 1471]	$4,384,490 
Nick Collison	C	['OKC', 'OKC', 'OKC', 'OKC', 'OKC', 'OKC']	['2010-11', '2011-12', '2012-13', '2013-14', '2014-15', '2015-16']	[732, 640, 878, 722, 628, 327]	$3,750,000 
Nick Johnson	SG	['HOU']	['2014-15']	[115]	$980,431 
Nick Young	SG	['WAS', 'TOT, WAS, LAC', 'PHI', 'LAL', 'LAL', 'LAL']	['2010-11', '2011-12', '2012-13', '2013-14', '2014-15', '2015-16']	[1336, 2092, 842, 1368, 690, 523]	$5,443,918 
Nicolas Batum	SF	['POR', 'POR', 'POR', 'POR', 'POR', 'CHO']	['2010-11', '2011-12', '2012-13', '2013-14', '2014-15', '2015-16']	[1508, 1200, 1803, 2025, 1407, 1780]	$20,869,566 
Nik Stauskas	SG	['SAC', 'PHI']	['2014-15', '2015-16']	[471, 908]	$2,993,040 
Nikola Jokic	C	['DEN']	['2015-16']	[1570]	$1,358,500 
Nikola Mirotic	PF	['CHI', 'CHI']	['2014-15', '2015-16']	[1353, 1241]	$5,782,450 
Nikola Pekovic	C	['MIN', 'MIN', 'MIN', 'MIN', 'MIN', 'MIN']	['2010-11', '2011-12', '2012-13', '2013-14', '2014-15', '2015-16']	[541, 1001, 1601, 1431, 636, 78]	$12,100,000 
Nikola Vucevic	C	['PHI', 'ORL', 'ORL', 'ORL', 'ORL']	['2011-12', '2012-13', '2013-14', '2014-15', '2015-16']	[581, 2067, 1536, 2345, 1936]	$11,750,000 
Noah Vonleh	PF	['CHO', 'POR']	['2014-15', '2015-16']	[175, 621]	$2,751,360 
Norman Powell	SG	['TOR']	['2015-16']	[438]	$874,636 
Norris Cole	PG	['MIA', 'MIA', 'MIA', 'TOT, MIA, NOP', 'NOP']	['2011-12', '2012-13', '2013-14', '2014-15', '2015-16']	[606, 699, 890, 1920, 762]	$247,991 
Omer Asik	C	['CHI', 'CHI', 'HOU', 'HOU', 'NOP', 'NOP']	['2010-11', '2011-12', '2012-13', '2013-14', '2014-15', '2015-16']	[579, 617, 1823, 675, 1365, 693]	$9,904,494 
Omri Casspi	SF	['SAC', 'CLE', 'CLE', 'HOU', 'SAC', 'SAC']	['2010-11', '2011-12', '2012-13', '2013-14', '2014-15', '2015-16']	[990, 747, 330, 824, 907, 1297]	$3,000,000 
Otto Porter	SF	['WAS', 'WAS', 'WAS']	['2013-14', '2014-15', '2015-16']	[140, 753, 1449]	$5,893,981 
P.J. Hairston	SG	['CHO', 'TOT, CHO, MEM']	['2014-15', '2015-16']	[379, 1248]	$11,534 
P.J. Tucker	SG	['PHO', 'PHO', 'PHO', 'PHO']	['2012-13', '2013-14', '2014-15', '2015-16']	[979, 1461, 1371, 1356]	$5,300,000 
Pablo Prigioni	PG	['NYK', 'NYK', 'TOT, NYK, HOU', 'LAC']	['2012-13', '2013-14', '2014-15', '2015-16']	[639, 618, 1164, 394]	$1,050,961 
Pat Connaughton	SG	['POR']	['2015-16']	[70]	$874,636 
Patrick Beverley	PG	['HOU', 'HOU', 'HOU', 'HOU']	['2012-13', '2013-14', '2014-15', '2015-16']	[468, 954, 996, 1218]	$6,000,000 
Patrick Patterson	PF	['HOU', 'HOU', 'TOT, HOU, SAC', 'TOT, SAC, TOR', 'TOR', 'TOR']	['2010-11', '2011-12', '2012-13', '2013-14', '2014-15', '2015-16']	[592, 843, 2330, 2004, 1286, 999]	$6,050,000 
Patty Mills	PG	['POR', 'SAS', 'SAS', 'SAS', 'SAS', 'SAS']	['2010-11', '2011-12', '2012-13', '2013-14', '2014-15', '2015-16']	[479, 217, 397, 1158, 508, 1063]	$3,578,948 
Pau Gasol	C	['LAL', 'LAL', 'LAL', 'LAL', 'CHI', 'CHI']	['2010-11', '2011-12', '2012-13', '2013-14', '2014-15', '2015-16']	[2686, 2027, 1275, 1800, 2589, 2298]	$15,500,000 
Paul George	SG	['IND', 'IND', 'IND', 'IND', 'IND', 'IND']	['2010-11', '2011-12', '2012-13', '2013-14', '2014-15', '2015-16']	[783, 1355, 2268, 2511, 75, 2682]	$18,314,532 
Paul Millsap	PF	['UTA', 'UTA', 'UTA', 'ATL', 'ATL', 'ATL']	['2010-11', '2011-12', '2012-13', '2013-14', '2014-15', '2015-16']	[2108, 1832, 1934, 2209, 2044, 2477]	$20,072,033 
Paul Pierce	SF	['BOS', 'BOS', 'BOS', 'BRK', 'WAS', 'LAC']	['2010-11', '2011-12', '2012-13', '2013-14', '2014-15', '2015-16']	[2161, 1695, 2187, 1500, 1284, 666]	$3,500,000 
Phil Pressey	PG	['BOS', 'BOS', 'TOT, PHI, PHO']	['2013-14', '2014-15', '2015-16']	[545, 369, 344]	$35,000 
Quincy Acy	PF	['TOR', 'TOT, TOR, SAC', 'NYK', 'SAC']	['2012-13', '2013-14', '2014-15', '2015-16']	[215, 868, 756, 548]	$1,790,902 
Quincy Acy	PF	['TOR', 'TOT, TOR, SAC', 'NYK', 'SAC']	['2012-13', '2013-14', '2014-15', '2015-16']	[215, 868, 756, 548]	$1,050,961 
Quincy Acy	PF	['TOR', 'TOT, TOR, SAC', 'NYK', 'SAC']	['2012-13', '2013-14', '2014-15', '2015-16']	[215, 868, 756, 548]	$123,642 
Quincy Pondexter	SF	['NOH', 'MEM', 'MEM', 'MEM', 'TOT, MEM, NOP']	['2010-11', '2011-12', '2012-13', '2013-14', '2014-15']	[315, 426, 567, 131, 1638]	$3,617,978 
R.J. Hunter	SG	['BOS']	['2015-16']	[154]	$1,200,240 
R.J. Hunter	SG	['BOS']	['2015-16']	[154]	$425,000 
Rajon Rondo	PG	['BOS', 'BOS', 'BOS', 'BOS', 'TOT, BOS, DAL', 'SAC']	['2010-11', '2011-12', '2012-13', '2013-14', '2014-15', '2015-16']	[1708, 1412, 1085, 751, 2814, 2006]	$14,000,000 
Rakeem Christmas	PF	['IND']	['2015-16']	[5]	$1,052,342 
Ramon Sessions	PG	['CLE', 'TOT, CLE, LAL', 'CHA', 'TOT, CHA, MIL', 'TOT, SAC, WAS', 'WAS']	['2010-11', '2011-12', '2012-13', '2013-14', '2014-15', '2015-16']	[1639, 2390, 1226, 2948, 1342, 1188]	$6,000,000 
Randy Foye	SG	['LAC', 'LAC', 'UTA', 'DEN', 'DEN', 'TOT, DEN, OKC']	['2010-11', '2011-12', '2012-13', '2013-14', '2014-15', '2015-16']	[862, 993, 1177, 1548, 624, 1546]	$2,500,000 
Rashad Vaughn	SG	['MIL']	['2015-16']	[361]	$1,811,040 
Raul Neto	PG	['UTA']	['2015-16']	[725]	$937,800 
Ray McCallum	PG	['SAC', 'SAC', 'TOT, SAS, MEM']	['2013-14', '2014-15', '2015-16']	[471, 842, 478]	$119,494 
Ray McCallum	PG	['SAC', 'SAC', 'TOT, SAS, MEM']	['2013-14', '2014-15', '2015-16']	[471, 842, 478]	$11,949 
Raymond Felton	PG-SG	['TOT, NYK, DEN', 'POR', 'NYK', 'NYK', 'DAL', 'DAL']	['2010-11', '2011-12', '2012-13', '2013-14', '2014-15', '2015-16']	[3946, 1141, 1467, 1168, 172, 1267]	$1,551,659 
Reggie Bullock	SF	['LAC', 'TOT, LAC, PHO', 'DET']	['2013-14', '2014-15', '2015-16']	[178, 266, 221]	$2,255,644 
Reggie Jackson	PG	['OKC', 'OKC', 'OKC', 'TOT, OKC, DET', 'DET']	['2011-12', '2012-13', '2013-14', '2014-15', '2015-16']	[254, 651, 1617, 3582, 2081]	$14,956,522 
Reggie Williams	SF	['GSW', 'CHA', 'CHA', 'OKC', 'SAS']	['2010-11', '2011-12', '2012-13', '2013-14', '2014-15']	[1049, 417, 230, 11, 63]	$180,483 
Reggie Williams	SF	['GSW', 'CHA', 'CHA', 'OKC', 'SAS']	['2010-11', '2011-12', '2012-13', '2013-14', '2014-15']	[1049, 417, 230, 11, 63]	$72,193 
Reggie Williams	SF	['GSW', 'CHA', 'CHA', 'OKC', 'SAS']	['2010-11', '2011-12', '2012-13', '2013-14', '2014-15']	[1049, 417, 230, 11, 63]	$50,000 
Richard Jefferson	SF	['SAS', 'TOT, SAS, GSW', 'GSW', 'UTA', 'DAL', 'CLE']	['2010-11', '2011-12', '2012-13', '2013-14', '2014-15', '2015-16']	[1287, 1782, 289, 1156, 667, 601]	$2,500,000 
Richaun Holmes	PF	['PHI']	['2015-16']	[482]	$1,025,831 
Ricky Rubio	PG	['MIN', 'MIN', 'MIN', 'MIN', 'MIN']	['2011-12', '2012-13', '2013-14', '2014-15', '2015-16']	[911, 1225, 1808, 519, 1729]	$13,550,000 
Robbie Hummel	SF	['MIN', 'MIN']	['2013-14', '2014-15']	[344, 366]	$150,000 
Robert Covington	SF	['HOU', 'PHI', 'PHI']	['2013-14', '2014-15', '2015-16']	[22, 1364, 1376]	$1,015,696 
Robin Lopez	C	['PHO', 'PHO', 'NOH', 'POR', 'POR', 'NYK']	['2010-11', '2011-12', '2012-13', '2013-14', '2014-15', '2015-16']	[671, 612, 1505, 1761, 1042, 1570]	$13,219,250 
Rodney Hood	SG	['UTA', 'UTA']	['2014-15', '2015-16']	[630, 1593]	$1,406,520 
Rodney Stuckey	PG	['DET', 'DET', 'DET', 'DET', 'IND', 'IND']	['2010-11', '2011-12', '2012-13', '2013-14', '2014-15', '2015-16']	[1590, 1112, 1292, 1272, 1311, 790]	$7,000,000 
Rondae Hollis-Jefferson	SF	['BRK']	['2015-16']	[393]	$1,395,600 
Ronnie Price	SG	['UTA', 'PHO', 'POR', 'ORL', 'LAL', 'PHO']	['2010-11', '2011-12', '2012-13', '2013-14', '2014-15', '2015-16']	[306, 245, 217, 184, 474, 594]	$2,557,545 
Ronnie Price	SG	['UTA', 'PHO', 'POR', 'ORL', 'LAL', 'PHO']	['2010-11', '2011-12', '2012-13', '2013-14', '2014-15', '2015-16']	[306, 245, 217, 184, 474, 594]	$282,595 
Ronnie Price	SG	['UTA', 'PHO', 'POR', 'ORL', 'LAL', 'PHO']	['2010-11', '2011-12', '2012-13', '2013-14', '2014-15', '2015-16']	[306, 245, 217, 184, 474, 594]	$182,548 
Roy Hibbert	C	['IND', 'IND', 'IND', 'IND', 'IND', 'LAL']	['2010-11', '2011-12', '2012-13', '2013-14', '2014-15', '2015-16']	[1791, 1546, 1789, 1563, 1462, 1040]	$5,000,000 
Rudy Gay	SF	['MEM', 'MEM', 'TOT, MEM, TOR', 'TOT, TOR, SAC', 'SAC', 'SAC']	['2010-11', '2011-12', '2012-13', '2013-14', '2014-15', '2015-16']	[1572, 1785, 3994, 4060, 2010, 1792]	$13,333,333 
Rudy Gobert	C	['UTA', 'UTA', 'UTA']	['2013-14', '2014-15', '2015-16']	[283, 1712, 1382]	$2,121,288 
Russell Westbrook	PG	['OKC', 'OKC', 'OKC', 'OKC', 'OKC', 'OKC']	['2010-11', '2011-12', '2012-13', '2013-14', '2014-15', '2015-16']	[2711, 2115, 2834, 1502, 2809, 3179]	$26,540,100 
Ryan Anderson	PF	['ORL', 'ORL', 'NOH', 'NOP', 'NOP', 'NOP']	['2010-11', '2011-12', '2012-13', '2013-14', '2014-15', '2015-16']	[1107, 1524, 1901, 592, 1174, 1566]	$18,735,364 
Ryan Kelly	PF	['LAL', 'LAL', 'LAL']	['2013-14', '2014-15', '2015-16']	[816, 587, 298]	$418,228 
Ryan Kelly	PF	['LAL', 'LAL', 'LAL']	['2013-14', '2014-15', '2015-16']	[816, 587, 298]	$286,785 
Salah Mejri	C	['DAL']	['2015-16']	[279]	$874,636 
Sam Dekker	PF	['HOU']	['2015-16']	[2]	$1,720,560 
Sasha Kaun	C	['CLE']	['2015-16']	[54]	$1,333,420 
Sasha Vujacic	SG	['TOT, LAL, NJN', 'LAC', 'NYK']	['2010-11', '2013-14', '2015-16']	[1934, 6, 524]	$1,410,598 
Sean Kilpatrick	SG	['MIN', 'TOT, DEN, BRK']	['2014-15', '2015-16']	[33, 826]	$980,431 
Serge Ibaka	PF	['OKC', 'OKC', 'OKC', 'OKC', 'OKC', 'OKC']	['2010-11', '2011-12', '2012-13', '2013-14', '2014-15', '2015-16']	[1610, 1324, 1860, 2156, 1559, 1660]	$12,250,000 
Seth Curry	PG	['TOT, MEM, CLE', 'PHO', 'SAC']	['2013-14', '2014-15', '2015-16']	[12, 3, 415]	$2,898,000 
Shabazz Muhammad	SG	['MIN', 'MIN', 'MIN']	['2013-14', '2014-15', '2015-16']	[195, 700, 1143]	$3,046,299 
Shabazz Napier	PG	['MIA', 'ORL']	['2014-15', '2015-16']	[467, 333]	$1,350,120 
Shaun Livingston	PG	['CHA', 'MIL', 'TOT, WAS, CLE', 'BRK', 'GSW', 'GSW']	['2010-11', '2011-12', '2012-13', '2013-14', '2014-15', '2015-16']	[780, 544, 1586, 1139, 870, 900]	$5,782,450 
Shelvin Mack	PG	['WAS', 'TOT, WAS, PHI, ATL', 'ATL', 'ATL', 'TOT, ATL, UTA']	['2011-12', '2012-13', '2013-14', '2014-15', '2015-16']	[435, 464, 938, 516, 1410]	$2,433,334 
Solomon Hill	SF	['IND', 'IND', 'IND']	['2013-14', '2014-15', '2015-16']	[94, 1196, 484]	$11,241,218 
Spencer Dinwiddie	PG	['DET', 'DET']	['2014-15', '2015-16']	[289, 93]	$726,672 
Spencer Hawes	C	['PHI', 'PHI', 'PHI', 'TOT, PHI, CLE', 'LAC', 'CHO']	['2010-11', '2011-12', '2012-13', '2013-14', '2014-15', '2015-16']	[1173, 732, 1684, 3836, 787, 684]	$6,348,759 
Stanley Johnson	SF	['DET']	['2015-16']	[970]	$2,969,880 
Stephen Curry	PG	['GSW', 'GSW', 'GSW', 'GSW', 'GSW', 'GSW']	['2010-11', '2011-12', '2012-13', '2013-14', '2014-15', '2015-16']	[1994, 591, 2537, 2721, 2790, 3254]	$12,112,359 
Steve Novak	SF	['TOT, DAL, SAS', 'NYK', 'NYK', 'TOR', 'TOT, UTA, OKC', 'TOT, OKC, MIL']	['2010-11', '2011-12', '2012-13', '2013-14', '2014-15', '2015-16']	[274, 597, 746, 260, 186, 56]	$1,551,659 
Steven Adams	C	['OKC', 'OKC', 'OKC']	['2013-14', '2014-15', '2015-16']	[666, 1151, 1278]	$3,140,517 
T.J. McConnell	PG	['PHI']	['2015-16']	[1075]	$874,636 
T.J. Warren	SF	['PHO', 'PHO']	['2014-15', '2015-16']	[355, 727]	$2,128,920 
Taj Gibson	PF	['CHI', 'CHI', 'CHI', 'CHI', 'CHI', 'CHI']	['2010-11', '2011-12', '2012-13', '2013-14', '2014-15', '2015-16']	[1159, 911, 964, 1721, 1141, 1283]	$8,950,000 
Tarik Black	C	['TOT, HOU, LAL', 'LAL']	['2014-15', '2015-16']	[1568, 316]	$6,191,000 
Terrence Jones	PF	['HOU', 'HOU', 'HOU', 'HOU']	['2012-13', '2013-14', '2014-15', '2015-16']	[202, 1617, 682, 699]	$1,050,961 
Terrence Ross	SG	['TOR', 'TOR', 'TOR', 'TOR']	['2012-13', '2013-14', '2014-15', '2015-16']	[673, 1213, 1128, 994]	$10,000,000 
Terry Rozier	PG	['BOS']	['2015-16']	[160]	$1,906,440 
Thabo Sefolosha	SG	['OKC', 'OKC', 'OKC', 'OKC', 'ATL', 'ATL']	['2010-11', '2011-12', '2012-13', '2013-14', '2014-15', '2015-16']	[938, 392, 1138, 738, 612, 975]	$3,850,000 
Thaddeus Young	PF	['PHI', 'PHI', 'PHI', 'PHI', 'TOT, MIN, BRK', 'BRK']	['2010-11', '2011-12', '2012-13', '2013-14', '2014-15', '2015-16']	[1578, 1257, 1921, 2113, 3374, 1910]	$14,153,652 
Thomas Robinson	PF	['TOT, SAC, HOU', 'POR', 'TOT, POR, PHI', 'BRK']	['2012-13', '2013-14', '2014-15', '2015-16']	[1346, 666, 1274, 718]	$1,050,961 
Tiago Splitter	C	['SAS', 'SAS', 'SAS', 'SAS', 'SAS', 'ATL']	['2010-11', '2011-12', '2012-13', '2013-14', '2014-15', '2015-16']	[519, 901, 1510, 921, 770, 359]	$8,550,000 
Tibor Pleiss	C	['UTA']	['2015-16']	[36]	$3,000,000 
Tim Duncan	C	['SAS', 'SAS', 'SAS', 'SAS', 'SAS', 'SAS']	['2010-11', '2011-12', '2012-13', '2013-14', '2014-15', '2015-16']	[1977, 1576, 2183, 2083, 2087, 1167]	$1,881,250 
Tim Frazier	PG	['TOT, PHI, POR', 'TOT, POR, NOP']	['2014-15', '2015-16']	[256, 1006]	$2,090,000 
Tim Hardaway	SG	['NYK', 'NYK', 'ATL']	['2013-14', '2014-15', '2015-16']	[1015, 1039, 468]	$2,281,605 
Timofey Mozgov	C	['TOT, NYK, DEN', 'DEN', 'DEN', 'DEN', 'TOT, DEN, CLE', 'CLE']	['2010-11', '2011-12', '2012-13', '2013-14', '2014-15', '2015-16']	[608, 444, 223, 1365, 2890, 853]	$16,000,000 
Tobias Harris	SF	['MIL', 'TOT, MIL, ORL', 'ORL', 'ORL', 'TOT, ORL, DET']	['2011-12', '2012-13', '2013-14', '2014-15', '2015-16']	[320, 1938, 1386, 1708, 3584]	$17,200,000 
Toney Douglas	SG	['NYK', 'NYK', 'TOT, HOU, SAC', 'TOT, GSW, MIA', 'NOP', 'NOP']	['2010-11', '2011-12', '2012-13', '2013-14', '2014-15', '2015-16']	[1348, 360, 1632, 694, 102, 842]	$348,207 
Toney Douglas	SG	['NYK', 'NYK', 'TOT, HOU, SAC', 'TOT, GSW, MIA', 'NOP', 'NOP']	['2010-11', '2011-12', '2012-13', '2013-14', '2014-15', '2015-16']	[1348, 360, 1632, 694, 102, 842]	$154,758 
Toney Douglas	SG	['NYK', 'NYK', 'TOT, HOU, SAC', 'TOT, GSW, MIA', 'NOP', 'NOP']	['2010-11', '2011-12', '2012-13', '2013-14', '2014-15', '2015-16']	[1348, 360, 1632, 694, 102, 842]	$100,593 
Tony Allen	SG	['MEM', 'MEM', 'MEM', 'MEM', 'MEM', 'MEM']	['2010-11', '2011-12', '2012-13', '2013-14', '2014-15', '2015-16']	[1027, 923, 1235, 816, 978, 951]	$5,505,618 
Tony Parker	PG	['SAS', 'SAS', 'SAS', 'SAS', 'SAS', 'SAS']	['2010-11', '2011-12', '2012-13', '2013-14', '2014-15', '2015-16']	[2012, 1638, 1928, 1571, 1340, 1346]	$14,445,313 
Tony Snell	SG	['CHI', 'CHI', 'CHI']	['2013-14', '2014-15', '2015-16']	[538, 668, 581]	$2,368,327 
Tony Wroten	SG	['MEM', 'PHI', 'PHI', 'PHI']	['2012-13', '2013-14', '2014-15', '2015-16']	[145, 1274, 693, 82]	$25,000 
Trevor Ariza	SF	['NOH', 'NOH', 'WAS', 'WAS', 'HOU', 'HOU']	['2010-11', '2011-12', '2012-13', '2013-14', '2014-15', '2015-16']	[1429, 812, 917, 1787, 1744, 1652]	$7,806,971 
Trevor Booker	PF	['WAS', 'WAS', 'WAS', 'WAS', 'UTA', 'UTA']	['2010-11', '2011-12', '2012-13', '2013-14', '2014-15', '2015-16']	[665, 817, 552, 962, 1043, 1018]	$9,250,000 
Trey Burke	PG	['UTA', 'UTA', 'UTA']	['2013-14', '2014-15', '2015-16']	[1416, 1461, 900]	$3,386,598 
Trey Lyles	PF	['UTA']	['2015-16']	[825]	$2,340,600 
Tristan Thompson	PF	['CLE', 'CLE', 'CLE', 'CLE', 'CLE']	['2011-12', '2012-13', '2013-14', '2014-15', '2015-16']	[918, 1846, 1756, 1401, 1471]	$15,330,435 
Troy Daniels	SG	['HOU', 'TOT, HOU, MIN, CHO', 'CHO']	['2013-14', '2014-15', '2015-16']	[48, 436, 310]	$3,332,940 
Ty Lawson	PG	['DEN', 'DEN', 'DEN', 'DEN', 'DEN', 'TOT, HOU, IND']	['2010-11', '2011-12', '2012-13', '2013-14', '2014-15', '2015-16']	[1466, 1566, 1848, 1758, 2013, 1390]	$1,315,448 
Tyler Ennis	PG	['TOT, PHO, MIL', 'MIL']	['2014-15', '2015-16']	[420, 356]	$1,733,880 
Tyler Johnson	SG	['MIA', 'MIA']	['2014-15', '2015-16']	[325, 493]	$5,628,000 
Tyler Zeller	C	['CLE', 'CLE', 'BOS', 'BOS']	['2012-13', '2013-14', '2014-15', '2015-16']	[1154, 713, 1405, 557]	$8,000,000 
Tyreke Evans	SG	['SAC', 'SAC', 'SAC', 'NOP', 'NOP', 'NOP']	['2010-11', '2011-12', '2012-13', '2013-14', '2014-15', '2015-16']	[1537, 1551, 1492, 1676, 2141, 639]	$10,661,286 
Tyson Chandler	C	['DAL', 'NYK', 'NYK', 'NYK', 'DAL', 'PHO']	['2010-11', '2011-12', '2012-13', '2013-14', '2014-15', '2015-16']	[1500, 1410, 1484, 1096, 1747, 1099]	$12,415,000 
Tyus Jones	PG	['MIN']	['2015-16']	[312]	$1,339,680 
Udonis Haslem	PF	['MIA', 'MIA', 'MIA', 'MIA', 'MIA', 'MIA']	['2010-11', '2011-12', '2012-13', '2013-14', '2014-15', '2015-16']	[212, 896, 732, 363, 558, 150]	$4,000,000 
Victor Oladipo	PG	['ORL', 'ORL', 'ORL']	['2013-14', '2014-15', '2015-16']	[1672, 1824, 1797]	$6,552,960 
Vince Carter	SG	['TOT, ORL, PHO', 'DAL', 'DAL', 'DAL', 'MEM', 'MEM']	['2010-11', '2011-12', '2012-13', '2013-14', '2014-15', '2015-16']	[2880, 956, 1628, 1451, 610, 616]	$4,264,057 
Wayne Ellington	SG	['MIN', 'MIN', 'TOT, MEM, CLE', 'DAL', 'LAL', 'BRK']	['2010-11', '2011-12', '2012-13', '2013-14', '2014-15', '2015-16']	[568, 453, 1750, 214, 950, 851]	$6,000,000 
Wayne Ellington	SG	['MIN', 'MIN', 'TOT, MEM, CLE', 'DAL', 'LAL', 'BRK']	['2010-11', '2011-12', '2012-13', '2013-14', '2014-15', '2015-16']	[568, 453, 1750, 214, 950, 851]	$923,670 
Wesley Johnson	SG	['MIN', 'MIN', 'PHO', 'LAL', 'LAL', 'LAC']	['2010-11', '2011-12', '2012-13', '2013-14', '2014-15', '2015-16']	[1114, 652, 548, 1260, 1213, 937]	$5,628,000 
Wesley Matthews	SG	['POR', 'POR', 'POR', 'POR', 'POR', 'DAL']	['2010-11', '2011-12', '2012-13', '2013-14', '2014-15', '2015-16']	[1695, 1279, 1386, 1809, 1323, 1383]	$17,100,000 
Will Barton	SG	['POR', 'POR', 'TOT, POR, DEN', 'DEN']	['2012-13', '2013-14', '2014-15', '2015-16']	[481, 271, 1292, 1828]	$3,533,333 
Willie Cauley-Stein	C	['SAC']	['2015-16']	[920]	$3,551,160 
Willie Reed	C	['BRK']	['2015-16']	[334]	$1,015,696 
Wilson Chandler	SF	['TOT, NYK, DEN', 'DEN', 'DEN', 'DEN', 'DEN']	['2010-11', '2011-12', '2012-13', '2013-14', '2014-15']	[3332, 127, 833, 1252, 1671]	$11,200,000 
Yi Jianlian	PF	['WAS', 'DAL']	['2010-11', '2011-12']	[636, 134]	$250,000 
Zach LaVine	PG	['MIN', 'MIN']	['2014-15', '2015-16']	[1139, 1560]	$2,240,880 
Zach Randolph	PF	['MEM', 'MEM', 'MEM', 'MEM', 'MEM', 'MEM']	['2010-11', '2011-12', '2012-13', '2013-14', '2014-15', '2015-16']	[2518, 582, 2073, 2261, 1970, 1662]	$10,361,445 
Zaza Pachulia	C	['ATL', 'ATL', 'ATL', 'MIL', 'MIL', 'DAL']	['2010-11', '2011-12', '2012-13', '2013-14', '2014-15', '2015-16']	[727, 994, 698, 844, 1252, 1463]	$2,898,000 
